filename,label,defect,source,original_path
good_000.png,good,good,train,train/good/000.png
good_001.png,good,good,train,train/good/001.png
good_002.png,good,good,train,train/good/002.png
good_003.png,good,good,train,train/good/003.png
good_004.png,good,good,train,train/good/004.png
good_005.png,good,good,train,train/good/005.png
good_006.png,good,good,train,train/good/006.png
good_007.png,good,good,train,train/good/007.png
good_008.png,good,good,train,train/good/008.png
good_009.png,good,good,train,train/good/009.png
good_010.png,good,good,train,train/good/010.png
good_011.png,good,good,train,train/good/011.png
good_012.png,good,good,train,train/good/012.png
good_013.png,good,good,train,train/good/013.png
good_014.png,good,good,train,train/good/014.png
good_015.png,good,good,train,train/good/015.png
good_016.png,good,good,train,train/good/016.png
good_017.png,good,good,train,train/good/017.png
good_018.png,good,good,train,train/good/018.png
good_019.png,good,good,train,train/good/019.png
good_020.png,good,good,train,train/good/020.png
good_021.png,good,good,train,train/good/021.png
good_022.png,good,good,train,train/good/022.png
good_023.png,good,good,train,train/good/023.png
good_024.png,good,good,train,train/good/024.png
good_025.png,good,good,train,train/good/025.png
good_026.png,good,good,train,train/good/026.png
good_027.png,good,good,train,train/good/027.png
good_028.png,good,good,train,train/good/028.png
good_029.png,good,good,train,train/good/029.png
good_030.png,good,good,train,train/good/030.png
good_031.png,good,good,train,train/good/031.png
good_032.png,good,good,train,train/good/032.png
good_033.png,good,good,train,train/good/033.png
good_034.png,good,good,train,train/good/034.png
good_035.png,good,good,train,train/good/035.png
good_036.png,good,good,train,train/good/036.png
good_037.png,good,good,train,train/good/037.png
good_038.png,good,good,train,train/good/038.png
good_039.png,good,good,train,train/good/039.png
good_040.png,good,good,train,train/good/040.png
good_041.png,good,good,train,train/good/041.png
good_042.png,good,good,train,train/good/042.png
good_043.png,good,good,train,train/good/043.png
good_044.png,good,good,train,train/good/044.png
good_045.png,good,good,train,train/good/045.png
good_046.png,good,good,train,train/good/046.png
good_047.png,good,good,train,train/good/047.png
good_048.png,good,good,train,train/good/048.png
good_049.png,good,good,train,train/good/049.png
good_050.png,good,good,train,train/good/050.png
good_051.png,good,good,train,train/good/051.png
good_052.png,good,good,train,train/good/052.png
good_053.png,good,good,train,train/good/053.png
good_054.png,good,good,train,train/good/054.png
good_055.png,good,good,train,train/good/055.png
good_056.png,good,good,train,train/good/056.png
good_057.png,good,good,train,train/good/057.png
good_058.png,good,good,train,train/good/058.png
good_059.png,good,good,train,train/good/059.png
good_060.png,good,good,train,train/good/060.png
good_061.png,good,good,train,train/good/061.png
good_062.png,good,good,train,train/good/062.png
good_063.png,good,good,train,train/good/063.png
good_064.png,good,good,train,train/good/064.png
good_065.png,good,good,train,train/good/065.png
good_066.png,good,good,train,train/good/066.png
good_067.png,good,good,train,train/good/067.png
good_068.png,good,good,train,train/good/068.png
good_069.png,good,good,train,train/good/069.png
good_070.png,good,good,train,train/good/070.png
good_071.png,good,good,train,train/good/071.png
good_072.png,good,good,train,train/good/072.png
good_073.png,good,good,train,train/good/073.png
good_074.png,good,good,train,train/good/074.png
good_075.png,good,good,train,train/good/075.png
good_076.png,good,good,train,train/good/076.png
good_077.png,good,good,train,train/good/077.png
good_078.png,good,good,train,train/good/078.png
good_079.png,good,good,train,train/good/079.png
good_080.png,good,good,train,train/good/080.png
good_081.png,good,good,train,train/good/081.png
good_082.png,good,good,train,train/good/082.png
good_083.png,good,good,train,train/good/083.png
good_084.png,good,good,train,train/good/084.png
good_085.png,good,good,train,train/good/085.png
good_086.png,good,good,train,train/good/086.png
good_087.png,good,good,train,train/good/087.png
good_088.png,good,good,train,train/good/088.png
good_089.png,good,good,train,train/good/089.png
good_090.png,good,good,train,train/good/090.png
good_091.png,good,good,train,train/good/091.png
good_092.png,good,good,train,train/good/092.png
good_093.png,good,good,train,train/good/093.png
good_094.png,good,good,train,train/good/094.png
good_095.png,good,good,train,train/good/095.png
good_096.png,good,good,train,train/good/096.png
good_097.png,good,good,train,train/good/097.png
good_098.png,good,good,train,train/good/098.png
good_099.png,good,good,train,train/good/099.png
good_100.png,good,good,train,train/good/100.png
good_101.png,good,good,train,train/good/101.png
good_102.png,good,good,train,train/good/102.png
good_103.png,good,good,train,train/good/103.png
good_104.png,good,good,train,train/good/104.png
good_105.png,good,good,train,train/good/105.png
good_106.png,good,good,train,train/good/106.png
good_107.png,good,good,train,train/good/107.png
good_108.png,good,good,train,train/good/108.png
good_109.png,good,good,train,train/good/109.png
good_110.png,good,good,train,train/good/110.png
good_111.png,good,good,train,train/good/111.png
good_112.png,good,good,train,train/good/112.png
good_113.png,good,good,train,train/good/113.png
good_114.png,good,good,train,train/good/114.png
good_115.png,good,good,train,train/good/115.png
good_116.png,good,good,train,train/good/116.png
good_117.png,good,good,train,train/good/117.png
good_118.png,good,good,train,train/good/118.png
good_119.png,good,good,train,train/good/119.png
good_120.png,good,good,train,train/good/120.png
good_121.png,good,good,train,train/good/121.png
good_122.png,good,good,train,train/good/122.png
good_123.png,good,good,train,train/good/123.png
good_124.png,good,good,train,train/good/124.png
good_125.png,good,good,train,train/good/125.png
good_126.png,good,good,train,train/good/126.png
good_127.png,good,good,train,train/good/127.png
good_128.png,good,good,train,train/good/128.png
good_129.png,good,good,train,train/good/129.png
good_130.png,good,good,train,train/good/130.png
good_131.png,good,good,train,train/good/131.png
good_132.png,good,good,train,train/good/132.png
good_133.png,good,good,train,train/good/133.png
good_134.png,good,good,train,train/good/134.png
good_135.png,good,good,train,train/good/135.png
good_136.png,good,good,train,train/good/136.png
good_137.png,good,good,train,train/good/137.png
good_138.png,good,good,train,train/good/138.png
good_139.png,good,good,train,train/good/139.png
good_140.png,good,good,train,train/good/140.png
good_141.png,good,good,train,train/good/141.png
good_142.png,good,good,train,train/good/142.png
good_143.png,good,good,train,train/good/143.png
good_144.png,good,good,train,train/good/144.png
good_145.png,good,good,train,train/good/145.png
good_146.png,good,good,train,train/good/146.png
good_147.png,good,good,train,train/good/147.png
good_148.png,good,good,train,train/good/148.png
good_149.png,good,good,train,train/good/149.png
good_150.png,good,good,train,train/good/150.png
good_151.png,good,good,train,train/good/151.png
good_152.png,good,good,train,train/good/152.png
good_153.png,good,good,train,train/good/153.png
good_154.png,good,good,train,train/good/154.png
good_155.png,good,good,train,train/good/155.png
good_156.png,good,good,train,train/good/156.png
good_157.png,good,good,train,train/good/157.png
good_158.png,good,good,train,train/good/158.png
good_159.png,good,good,train,train/good/159.png
good_160.png,good,good,train,train/good/160.png
good_161.png,good,good,train,train/good/161.png
good_162.png,good,good,train,train/good/162.png
good_163.png,good,good,train,train/good/163.png
good_164.png,good,good,train,train/good/164.png
good_165.png,good,good,train,train/good/165.png
good_166.png,good,good,train,train/good/166.png
good_167.png,good,good,train,train/good/167.png
good_168.png,good,good,train,train/good/168.png
good_169.png,good,good,train,train/good/169.png
good_170.png,good,good,train,train/good/170.png
good_171.png,good,good,train,train/good/171.png
good_172.png,good,good,train,train/good/172.png
good_173.png,good,good,train,train/good/173.png
good_174.png,good,good,train,train/good/174.png
good_175.png,good,good,train,train/good/175.png
good_176.png,good,good,train,train/good/176.png
good_177.png,good,good,train,train/good/177.png
good_178.png,good,good,train,train/good/178.png
good_179.png,good,good,train,train/good/179.png
good_180.png,good,good,train,train/good/180.png
good_181.png,good,good,train,train/good/181.png
good_182.png,good,good,train,train/good/182.png
good_183.png,good,good,train,train/good/183.png
good_184.png,good,good,train,train/good/184.png
good_185.png,good,good,train,train/good/185.png
good_186.png,good,good,train,train/good/186.png
good_187.png,good,good,train,train/good/187.png
good_188.png,good,good,train,train/good/188.png
good_189.png,good,good,train,train/good/189.png
good_190.png,good,good,train,train/good/190.png
good_191.png,good,good,train,train/good/191.png
good_192.png,good,good,train,train/good/192.png
good_193.png,good,good,train,train/good/193.png
good_194.png,good,good,train,train/good/194.png
good_195.png,good,good,train,train/good/195.png
good_196.png,good,good,train,train/good/196.png
good_197.png,good,good,train,train/good/197.png
good_198.png,good,good,train,train/good/198.png
good_199.png,good,good,train,train/good/199.png
good_200.png,good,good,train,train/good/200.png
good_201.png,good,good,train,train/good/201.png
good_202.png,good,good,train,train/good/202.png
good_203.png,good,good,train,train/good/203.png
good_204.png,good,good,train,train/good/204.png
good_205.png,good,good,train,train/good/205.png
good_206.png,good,good,train,train/good/206.png
good_207.png,good,good,train,train/good/207.png
good_208.png,good,good,train,train/good/208.png
good_209.png,good,good,train,train/good/209.png
good_210.png,good,good,train,train/good/210.png
good_211.png,good,good,train,train/good/211.png
good_212.png,good,good,train,train/good/212.png
good_213.png,good,good,test,test/good/000.png
good_214.png,good,good,test,test/good/001.png
good_215.png,good,good,test,test/good/002.png
good_216.png,good,good,test,test/good/003.png
good_217.png,good,good,test,test/good/004.png
good_218.png,good,good,test,test/good/005.png
good_219.png,good,good,test,test/good/006.png
good_220.png,good,good,test,test/good/007.png
good_221.png,good,good,test,test/good/008.png
good_222.png,good,good,test,test/good/009.png
good_223.png,good,good,test,test/good/010.png
good_224.png,good,good,test,test/good/011.png
good_225.png,good,good,test,test/good/012.png
good_226.png,good,good,test,test/good/013.png
good_227.png,good,good,test,test/good/014.png
good_228.png,good,good,test,test/good/015.png
good_229.png,good,good,test,test/good/016.png
good_230.png,good,good,test,test/good/017.png
good_231.png,good,good,test,test/good/018.png
good_232.png,good,good,test,test/good/019.png
good_233.png,good,good,test,test/good/020.png
good_234.png,good,good,test,test/good/021.png
good_235.png,good,good,test,test/good/022.png
good_236.png,good,good,test,test/good/023.png
good_237.png,good,good,test,test/good/024.png
good_238.png,good,good,test,test/good/025.png
good_239.png,good,good,test,test/good/026.png
good_240.png,good,good,test,test/good/027.png
good_241.png,good,good,test,test/good/028.png
good_242.png,good,good,test,test/good/029.png
good_243.png,good,good,test,test/good/030.png
good_244.png,good,good,test,test/good/031.png
good_245.png,good,good,test,test/good/032.png
good_246.png,good,good,test,test/good/033.png
good_247.png,good,good,test,test/good/034.png
good_248.png,good,good,test,test/good/035.png
good_249.png,good,good,test,test/good/036.png
good_250.png,good,good,test,test/good/037.png
good_251.png,good,good,test,test/good/038.png
good_252.png,good,good,test,test/good/039.png
good_253.png,good,good,test,test/good/040.png
good_254.png,good,good,test,test/good/041.png
good_255.png,good,good,test,test/good/042.png
good_256.png,good,good,test,test/good/043.png
good_257.png,good,good,test,test/good/044.png
good_258.png,good,good,test,test/good/045.png
good_259.png,good,good,test,test/good/046.png
good_260.png,good,good,test,test/good/047.png
good_261.png,good,good,test,test/good/048.png
good_262.png,good,good,test,test/good/049.png
good_263.png,good,good,test,test/good/050.png
good_264.png,good,good,test,test/good/051.png
good_265.png,good,good,test,test/good/052.png
good_266.png,good,good,test,test/good/053.png
good_267.png,good,good,test,test/good/054.png
good_268.png,good,good,test,test/good/055.png
good_269.png,good,good,test,test/good/056.png
good_270.png,good,good,test,test/good/057.png
good_271.png,good,good,test,test/good/058.png
good_272.png,good,good,test,test/good/059.png
bad_000.png,bad,bent_lead,test,test/bent_lead/000.png
bad_001.png,bad,bent_lead,test,test/bent_lead/001.png
bad_002.png,bad,bent_lead,test,test/bent_lead/002.png
bad_003.png,bad,bent_lead,test,test/bent_lead/003.png
bad_004.png,bad,bent_lead,test,test/bent_lead/004.png
bad_005.png,bad,bent_lead,test,test/bent_lead/005.png
bad_006.png,bad,bent_lead,test,test/bent_lead/006.png
bad_007.png,bad,bent_lead,test,test/bent_lead/007.png
bad_008.png,bad,bent_lead,test,test/bent_lead/008.png
bad_009.png,bad,bent_lead,test,test/bent_lead/009.png
bad_010.png,bad,cut_lead,test,test/cut_lead/000.png
bad_011.png,bad,cut_lead,test,test/cut_lead/001.png
bad_012.png,bad,cut_lead,test,test/cut_lead/002.png
bad_013.png,bad,cut_lead,test,test/cut_lead/003.png
bad_014.png,bad,cut_lead,test,test/cut_lead/004.png
bad_015.png,bad,cut_lead,test,test/cut_lead/005.png
bad_016.png,bad,cut_lead,test,test/cut_lead/006.png
bad_017.png,bad,cut_lead,test,test/cut_lead/007.png
bad_018.png,bad,cut_lead,test,test/cut_lead/008.png
bad_019.png,bad,cut_lead,test,test/cut_lead/009.png
bad_020.png,bad,damaged_case,test,test/damaged_case/000.png
bad_021.png,bad,damaged_case,test,test/damaged_case/001.png
bad_022.png,bad,damaged_case,test,test/damaged_case/002.png
bad_023.png,bad,damaged_case,test,test/damaged_case/003.png
bad_024.png,bad,damaged_case,test,test/damaged_case/004.png
bad_025.png,bad,damaged_case,test,test/damaged_case/005.png
bad_026.png,bad,damaged_case,test,test/damaged_case/006.png
bad_027.png,bad,damaged_case,test,test/damaged_case/007.png
bad_028.png,bad,damaged_case,test,test/damaged_case/008.png
bad_029.png,bad,damaged_case,test,test/damaged_case/009.png
bad_030.png,bad,misplaced,test,test/misplaced/000.png
bad_031.png,bad,misplaced,test,test/misplaced/001.png
bad_032.png,bad,misplaced,test,test/misplaced/002.png
bad_033.png,bad,misplaced,test,test/misplaced/003.png
bad_034.png,bad,misplaced,test,test/misplaced/004.png
bad_035.png,bad,misplaced,test,test/misplaced/005.png
bad_036.png,bad,misplaced,test,test/misplaced/006.png
bad_037.png,bad,misplaced,test,test/misplaced/007.png
bad_038.png,bad,misplaced,test,test/misplaced/008.png
bad_039.png,bad,misplaced,test,test/misplaced/009.png
