file,mask_area_pct,bright,contrast,dino,em,fused,caught,cls_dist
bad_020.png,1.49,76.1,39.3,0.977,0.641,15.14,True,11.25
bad_021.png,5.35,80.1,38.6,0.994,0.943,12.93,True,17.0
bad_022.png,0.63,78.1,40.9,0.016,0.199,-0.1,False,10.14
bad_023.png,1.49,78.0,40.0,0.277,0.275,2.31,False,13.74
bad_024.png,2.54,78.9,41.1,0.999,0.441,8.5,True,14.7
bad_025.png,3.49,76.8,40.2,0.923,0.53,8.1,True,10.66
bad_026.png,2.07,75.9,39.6,0.865,0.476,12.3,True,10.77
bad_027.png,1.29,79.0,40.7,0.022,0.773,6.14,True,10.45
bad_028.png,5.05,80.8,40.6,1.0,0.857,19.8,True,16.74
bad_029.png,5.07,85.6,41.2,0.998,1.151,16.3,True,20.18
