method,fold,bad_recall,far,frr,precision,f1,auroc,alpha
dino,0,0.75,0.073,0.25,0.6,0.667,0.945,
em,0,0.875,0.036,0.125,0.778,0.824,0.918,
alpha,0,0.875,0.055,0.125,0.7,0.778,0.92,0.05
lr2,0,0.875,0.073,0.125,0.636,0.737,0.925,
dino,1,1.0,0.018,0.0,0.889,0.941,0.995,
em,1,0.875,0.018,0.125,0.875,0.875,0.968,
alpha,1,0.875,0.018,0.125,0.875,0.875,0.995,0.05
lr2,1,1.0,0.036,0.0,0.8,0.889,0.998,
dino,2,0.875,0.091,0.125,0.583,0.7,0.973,
em,2,0.875,0.036,0.125,0.778,0.824,0.982,
alpha,2,1.0,0.091,0.0,0.615,0.762,0.986,0.1
lr2,2,0.875,0.091,0.125,0.583,0.7,0.989,
dino,3,0.875,0.0,0.125,1.0,0.933,1.0,
em,3,1.0,0.019,0.0,0.889,0.941,1.0,
alpha,3,1.0,0.0,0.0,1.0,1.0,1.0,0.15
lr2,3,1.0,0.0,0.0,1.0,1.0,1.0,
dino,4,1.0,0.093,0.0,0.615,0.762,0.995,
em,4,0.875,0.148,0.125,0.467,0.609,0.972,
alpha,4,1.0,0.111,0.0,0.571,0.727,0.998,0.1
lr2,4,1.0,0.111,0.0,0.571,0.727,0.998,
