fold,alpha,bad_recall,far,frr,precision,f1,auroc,method
0,0.05,0.875,0.055,0.125,0.7,0.778,0.92,Dalpha
0,0.05,1.0,0.073,0.0,0.667,0.8,0.989,Dalpha+rescue
0,0.05,0.875,0.073,0.125,0.636,0.737,0.989,Dalpha+rescue995
1,0.05,0.875,0.018,0.125,0.875,0.875,0.995,Dalpha
1,0.05,1.0,0.018,0.0,0.889,0.941,0.995,Dalpha+rescue
1,0.05,1.0,0.018,0.0,0.889,0.941,0.995,Dalpha+rescue995
2,0.1,1.0,0.091,0.0,0.615,0.762,0.986,Dalpha
2,0.1,1.0,0.109,0.0,0.571,0.727,0.986,Dalpha+rescue
2,0.1,1.0,0.109,0.0,0.571,0.727,0.986,Dalpha+rescue995
3,0.15,1.0,0.0,0.0,1.0,1.0,1.0,Dalpha
3,0.15,1.0,0.0,0.0,1.0,1.0,1.0,Dalpha+rescue
3,0.15,1.0,0.0,0.0,1.0,1.0,1.0,Dalpha+rescue995
4,0.1,1.0,0.111,0.0,0.571,0.727,0.998,Dalpha
4,0.1,1.0,0.13,0.0,0.533,0.696,0.998,Dalpha+rescue
4,0.1,1.0,0.111,0.0,0.571,0.727,0.998,Dalpha+rescue995
