tag,fold,far_obj,cut,bad_recall,far,frr,precision,f1,auroc
es,0,0.05,0.8441,0.375,0.036,0.625,0.6,0.462,0.795
es,0,0.01,1.198,0.25,0.0,0.75,1.0,0.4,0.795
es,1,0.05,0.8749,0.5,0.109,0.5,0.4,0.444,0.814
es,1,0.01,1.4232,0.25,0.018,0.75,0.667,0.364,0.814
es,2,0.05,0.8851,0.375,0.036,0.625,0.6,0.462,0.623
es,2,0.01,1.064,0.25,0.036,0.75,0.5,0.333,0.623
es,3,0.05,0.5748,0.875,0.074,0.125,0.636,0.737,0.979
es,3,0.01,0.7504,0.75,0.019,0.25,0.857,0.8,0.979
es,4,0.05,0.642,0.875,0.093,0.125,0.583,0.7,0.942
es,4,0.01,0.8846,0.5,0.019,0.5,0.8,0.615,0.942
