fold,far_obj,cut,bad_recall,far,frr,precision,f1,auroc
0,0.05,29.4073,0.5,0.073,0.5,0.5,0.5,0.745
0,0.01,30.6234,0.375,0.073,0.625,0.429,0.4,0.745
1,0.05,29.5371,0.625,0.055,0.375,0.625,0.625,0.836
1,0.01,31.048,0.375,0.018,0.625,0.75,0.5,0.836
2,0.05,29.733,0.5,0.055,0.5,0.571,0.533,0.836
2,0.01,32.4515,0.375,0.0,0.625,1.0,0.545,0.836
3,0.05,29.1537,0.5,0.056,0.5,0.571,0.533,0.731
3,0.01,31.5126,0.125,0.0,0.875,1.0,0.222,0.731
4,0.05,29.2968,0.625,0.037,0.375,0.714,0.667,0.838
4,0.01,31.8379,0.375,0.0,0.625,1.0,0.545,0.838
