fold,variant,d_recall,r_recall,d_far,r_far
0,clean,0.875,1.0,0.25,0.25
0,bright085,1.0,1.0,0.167,0.167
0,bright070,1.0,1.0,0.917,0.917
0,shift10,1.0,1.0,0.167,1.0
0,shift20,1.0,1.0,0.333,1.0
0,zoomout090,1.0,1.0,1.0,1.0
0,zoomout080,1.0,1.0,1.0,1.0
0,cropin090,1.0,1.0,1.0,1.0
0,cropin080,1.0,1.0,1.0,1.0
1,clean,0.875,1.0,0.167,0.167
1,bright085,1.0,1.0,0.167,0.167
1,bright070,1.0,1.0,0.167,0.167
1,shift10,1.0,1.0,0.333,1.0
1,shift20,1.0,1.0,0.167,1.0
1,zoomout090,1.0,1.0,1.0,1.0
1,zoomout080,1.0,1.0,1.0,1.0
1,cropin090,1.0,1.0,1.0,1.0
1,cropin080,1.0,1.0,1.0,1.0
2,clean,1.0,1.0,0.2,0.2
2,bright085,1.0,1.0,0.2,0.2
2,bright070,1.0,1.0,0.8,0.8
2,shift10,1.0,1.0,0.2,1.0
2,shift20,1.0,1.0,0.4,1.0
2,zoomout090,1.0,1.0,1.0,1.0
2,zoomout080,1.0,1.0,1.0,1.0
2,cropin090,1.0,1.0,1.0,1.0
2,cropin080,1.0,1.0,1.0,1.0
3,clean,1.0,1.0,0.0,0.0
3,bright085,1.0,1.0,0.2,0.2
3,bright070,1.0,1.0,0.4,0.4
3,shift10,1.0,1.0,0.2,1.0
3,shift20,1.0,1.0,0.2,1.0
3,zoomout090,1.0,1.0,1.0,1.0
3,zoomout080,1.0,1.0,1.0,1.0
3,cropin090,1.0,1.0,1.0,1.0
3,cropin080,1.0,1.0,1.0,1.0
4,clean,1.0,1.0,0.167,0.167
4,bright085,1.0,1.0,0.083,0.083
4,bright070,1.0,1.0,0.417,0.417
4,shift10,1.0,1.0,0.333,1.0
4,shift20,1.0,1.0,0.417,1.0
4,zoomout090,1.0,1.0,1.0,1.0
4,zoomout080,1.0,1.0,1.0,1.0
4,cropin090,1.0,1.0,1.0,1.0
4,cropin080,1.0,1.0,1.0,1.0
