filename,defect,dino_score,dino_result,em_score,em_result,alpha_score,alpha_result,lr2_score,lr2_result
bad_000.png,bent_lead,0.8017,bad,0.6302,bad,9.3875,bad,0.6301,bad
bad_001.png,bent_lead,0.0604,good,0.4452,bad,2.8043,bad,0.0765,good
bad_002.png,bent_lead,0.1631,good,0.5603,bad,5.4955,bad,0.1417,bad
bad_003.png,bent_lead,0.9941,bad,0.5644,bad,9.8253,bad,0.7248,bad
bad_004.png,bent_lead,0.985,bad,0.9628,bad,13.093,bad,0.9092,bad
bad_005.png,bent_lead,0.5932,bad,0.5997,bad,10.3616,bad,0.4544,bad
bad_006.png,bent_lead,0.4017,bad,0.8484,bad,10.0831,bad,0.4795,bad
bad_007.png,bent_lead,0.999,bad,1.2089,bad,23.1539,bad,0.9551,bad
bad_008.png,bent_lead,0.9956,bad,1.4645,bad,18.5684,bad,0.9797,bad
bad_009.png,bent_lead,0.2833,bad,0.86,bad,8.7869,bad,0.3825,bad
bad_010.png,cut_lead,0.9938,bad,0.6439,bad,13.4255,bad,0.7857,bad
bad_011.png,cut_lead,0.9623,bad,1.1792,bad,16.4047,bad,0.9409,bad
bad_012.png,cut_lead,0.9692,bad,0.3242,good,12.0537,bad,0.5663,bad
bad_013.png,cut_lead,0.2274,bad,0.6415,bad,6.4106,bad,0.2147,bad
bad_014.png,cut_lead,0.9916,bad,1.3722,bad,24.6188,bad,0.9709,bad
bad_015.png,cut_lead,0.9984,bad,0.476,bad,7.9008,bad,0.7024,bad
bad_016.png,cut_lead,0.9383,bad,0.5839,bad,12.316,bad,0.7171,bad
bad_017.png,cut_lead,0.9656,bad,0.3425,good,10.1339,bad,0.5724,bad
bad_018.png,cut_lead,0.9768,bad,1.1886,bad,22.6555,bad,0.9488,bad
bad_019.png,cut_lead,0.2555,bad,1.1654,bad,12.5615,bad,0.5719,bad
bad_020.png,damaged_case,0.9769,bad,0.6413,bad,15.1449,bad,0.7801,bad
bad_021.png,damaged_case,0.9944,bad,0.9434,bad,12.9315,bad,0.907,bad
bad_022.png,damaged_case,0.016,good,0.1994,good,-0.0962,good,0.0306,good
bad_023.png,damaged_case,0.2767,bad,0.2752,good,2.3067,good,0.0901,bad
bad_024.png,damaged_case,0.9988,bad,0.4413,bad,8.4976,bad,0.6462,bad
bad_025.png,damaged_case,0.9227,bad,0.5303,bad,8.1016,bad,0.6809,bad
bad_026.png,damaged_case,0.8649,bad,0.4759,bad,12.2975,bad,0.5922,bad
bad_027.png,damaged_case,0.0222,good,0.7731,bad,6.1352,bad,0.158,bad
bad_028.png,damaged_case,1.0,bad,0.8575,bad,19.7986,bad,0.8847,bad
bad_029.png,damaged_case,0.9977,bad,1.1507,bad,16.3049,bad,0.9425,bad
bad_030.png,misplaced,0.996,bad,1.1059,bad,19.7648,bad,0.9403,bad
bad_031.png,misplaced,0.9999,bad,1.6866,bad,27.7467,bad,0.9885,bad
bad_032.png,misplaced,0.9999,bad,1.8999,bad,26.1245,bad,0.9941,bad
bad_033.png,misplaced,1.0,bad,2.3066,bad,33.6909,bad,0.9981,bad
bad_034.png,misplaced,0.9986,bad,1.331,bad,21.9265,bad,0.9694,bad
bad_035.png,misplaced,0.9735,bad,1.7448,bad,24.3226,bad,0.9897,bad
bad_036.png,misplaced,0.9167,bad,1.2623,bad,15.9816,bad,0.9517,bad
bad_037.png,misplaced,1.0,bad,2.6951,bad,33.3267,bad,0.9995,bad
bad_038.png,misplaced,0.9785,bad,2.3354,bad,31.2105,bad,0.9985,bad
bad_039.png,misplaced,0.9999,bad,1.4596,bad,21.6926,bad,0.9779,bad
