seed,fold,method,alpha,bad_recall,far,frr,precision,f1,auroc
42,0,Dalpha,0.05,0.875,0.055,0.125,0.7,0.778,0.92
42,0,rescue,0.05,1.0,0.073,0.0,0.667,0.8,0.989
42,1,Dalpha,0.05,0.875,0.018,0.125,0.875,0.875,0.995
42,1,rescue,0.05,1.0,0.036,0.0,0.8,0.889,0.995
42,2,Dalpha,0.1,1.0,0.091,0.0,0.615,0.762,0.986
42,2,rescue,0.1,1.0,0.109,0.0,0.571,0.727,0.986
42,3,Dalpha,0.15,1.0,0.0,0.0,1.0,1.0,1.0
42,3,rescue,0.15,1.0,0.0,0.0,1.0,1.0,1.0
42,4,Dalpha,0.1,1.0,0.111,0.0,0.571,0.727,0.998
42,4,rescue,0.1,1.0,0.13,0.0,0.533,0.696,0.998
7,0,Dalpha,0.05,0.875,0.036,0.125,0.778,0.824,0.989
7,0,rescue,0.05,1.0,0.055,0.0,0.727,0.842,0.998
7,1,Dalpha,0.1,0.75,0.018,0.25,0.857,0.8,0.923
7,1,rescue,0.1,1.0,0.036,0.0,0.8,0.889,0.989
7,2,Dalpha,0.05,1.0,0.091,0.0,0.615,0.762,0.998
7,2,rescue,0.05,1.0,0.109,0.0,0.571,0.727,0.998
7,3,Dalpha,0.1,1.0,0.111,0.0,0.571,0.727,0.998
7,3,rescue,0.1,1.0,0.13,0.0,0.533,0.696,0.998
7,4,Dalpha,0.1,1.0,0.037,0.0,0.8,0.889,1.0
7,4,rescue,0.1,1.0,0.037,0.0,0.8,0.889,1.0
123,0,Dalpha,0.05,1.0,0.091,0.0,0.615,0.762,1.0
123,0,rescue,0.05,1.0,0.091,0.0,0.615,0.762,1.0
123,1,Dalpha,0.15,0.875,0.0,0.125,1.0,0.933,0.934
123,1,rescue,0.15,1.0,0.018,0.0,0.889,0.941,0.998
123,2,Dalpha,0.05,1.0,0.036,0.0,0.8,0.889,1.0
123,2,rescue,0.05,1.0,0.055,0.0,0.727,0.842,1.0
123,3,Dalpha,0.1,0.875,0.093,0.125,0.583,0.7,0.988
123,3,rescue,0.1,1.0,0.093,0.0,0.615,0.762,0.988
123,4,Dalpha,0.05,0.875,0.074,0.125,0.636,0.737,0.986
123,4,rescue,0.05,1.0,0.13,0.0,0.533,0.696,0.991
2024,0,Dalpha,0.05,0.875,0.073,0.125,0.636,0.737,0.982
2024,0,rescue,0.05,1.0,0.091,0.0,0.615,0.762,0.986
2024,1,Dalpha,0.1,1.0,0.145,0.0,0.5,0.667,0.998
2024,1,rescue,0.1,1.0,0.145,0.0,0.5,0.667,0.998
2024,2,Dalpha,0.15,1.0,0.018,0.0,0.889,0.941,1.0
2024,2,rescue,0.15,1.0,0.036,0.0,0.8,0.889,1.0
2024,3,Dalpha,0.05,1.0,0.037,0.0,0.8,0.889,1.0
2024,3,rescue,0.05,1.0,0.056,0.0,0.727,0.842,1.0
2024,4,Dalpha,0.1,0.875,0.037,0.125,0.778,0.824,0.931
2024,4,rescue,0.1,1.0,0.056,0.0,0.727,0.842,0.984
999,0,Dalpha,0.05,1.0,0.055,0.0,0.727,0.842,1.0
999,0,rescue,0.05,1.0,0.091,0.0,0.615,0.762,1.0
999,1,Dalpha,0.05,1.0,0.073,0.0,0.667,0.8,1.0
999,1,rescue,0.05,1.0,0.073,0.0,0.667,0.8,1.0
999,2,Dalpha,0.05,1.0,0.036,0.0,0.8,0.889,1.0
999,2,rescue,0.05,1.0,0.055,0.0,0.727,0.842,1.0
999,3,Dalpha,0.1,1.0,0.111,0.0,0.571,0.727,0.995
999,3,rescue,0.1,1.0,0.13,0.0,0.533,0.696,0.995
999,4,Dalpha,0.05,0.75,0.056,0.25,0.667,0.706,0.903
999,4,rescue,0.05,0.875,0.056,0.125,0.7,0.778,0.977
