filename,label,score,area,bbox,edge,lat,x0,y0,x1,y1
good_000.png,good,2.633,0.2106,True,False,1.42,249,142,763,952
good_001.png,good,3.083,0.2073,True,False,0.84,267,132,756,891
good_002.png,good,2.804,0.2048,True,False,0.84,249,171,739,938
good_003.png,good,2.827,0.2035,True,False,0.84,245,107,763,891
good_004.png,good,2.619,0.2078,True,False,0.84,267,124,778,934
good_005.png,good,2.772,0.2101,True,False,0.84,242,100,760,916
good_006.png,good,2.784,0.2036,True,False,0.83,256,124,746,934
good_007.png,good,3.002,0.2076,True,False,0.84,238,156,760,931
good_008.png,good,3.01,0.2081,True,False,0.85,249,124,742,963
good_009.png,good,2.619,0.2014,True,False,0.85,252,156,746,920
good_010.png,good,2.866,0.2274,True,False,0.87,260,142,799,959
good_011.png,good,3.105,0.206,True,False,0.86,260,146,756,948
good_012.png,good,2.626,0.199,True,False,0.89,263,124,760,899
good_013.png,good,2.71,0.1932,True,False,0.87,270,160,763,888
good_014.png,good,3.237,0.2119,True,False,0.87,256,100,749,902
good_015.png,good,3.097,0.2061,True,False,0.88,242,149,749,923
good_016.png,good,3.33,0.2046,True,False,0.89,256,96,749,899
good_017.png,good,2.748,0.1969,True,False,0.9,274,203,778,895
good_018.png,good,2.736,0.2001,True,False,0.93,260,139,756,888
good_019.png,good,3.125,0.1897,True,False,0.88,249,181,735,891
good_020.png,good,2.884,0.2076,True,False,0.88,263,85,756,906
good_021.png,good,2.819,0.196,True,False,0.87,270,188,763,881
good_022.png,good,3.047,0.1983,True,False,0.88,281,128,771,899
good_023.png,good,2.9,0.1931,True,False,0.86,274,167,774,884
good_024.png,good,2.924,0.202,True,False,0.86,260,89,767,906
good_025.png,good,2.771,0.2024,True,False,0.86,249,96,774,899
good_026.png,good,2.886,0.2024,True,False,0.87,245,206,756,938
good_027.png,good,2.755,0.2076,True,False,0.87,256,89,749,888
good_028.png,good,2.849,0.2022,True,False,0.86,249,174,781,902
good_029.png,good,3.052,0.1942,True,False,0.85,256,199,760,895
good_030.png,good,3.245,0.1993,True,False,0.87,242,132,739,902
good_031.png,good,2.856,0.205,True,False,0.87,263,124,771,888
good_032.png,good,2.932,0.1949,True,False,0.86,256,178,753,906
good_033.png,good,2.763,0.1971,True,False,0.91,281,132,774,891
good_034.png,good,2.966,0.2015,True,False,0.89,274,107,763,888
good_035.png,good,2.888,0.2041,True,False,0.88,274,100,763,906
good_036.png,good,2.932,0.1967,True,False,0.86,281,178,778,902
good_037.png,good,2.563,0.2017,True,False,0.86,260,174,753,938
good_038.png,good,2.983,0.2001,True,False,0.86,263,149,760,899
good_039.png,good,3.166,0.206,True,False,0.85,249,82,746,899
good_040.png,good,2.993,0.2072,True,False,0.87,263,92,763,902
good_041.png,good,2.628,0.2022,True,False,0.86,263,100,763,902
good_042.png,good,3.056,0.1866,True,False,0.88,263,217,756,888
good_043.png,good,2.966,0.2002,True,False,0.92,274,156,767,899
good_044.png,good,2.688,0.1945,True,False,0.87,277,142,778,891
good_045.png,good,2.835,0.2012,True,False,0.88,267,107,763,902
good_046.png,good,3.208,0.196,True,False,0.85,263,181,756,891
good_047.png,good,2.614,0.2113,True,False,0.87,249,110,767,895
good_048.png,good,2.751,0.2125,True,False,0.86,249,132,774,920
good_049.png,good,2.831,0.2101,True,False,0.91,281,53,792,902
good_050.png,good,2.921,0.1952,True,False,0.87,270,160,756,881
good_051.png,good,2.583,0.2041,True,False,0.87,256,103,756,891
good_052.png,good,3.251,0.2046,True,False,0.88,256,132,753,884
good_053.png,good,2.496,0.1929,True,False,0.85,238,199,778,895
good_054.png,good,2.835,0.2006,True,False,0.87,263,78,756,877
good_055.png,good,3.117,0.1982,True,False,0.86,260,174,760,891
good_056.png,good,2.849,0.1963,True,False,0.86,267,114,771,859
good_057.png,good,2.885,0.2031,True,False,0.88,256,117,746,895
good_058.png,good,2.875,0.1994,True,False,0.89,263,121,753,870
good_059.png,good,2.965,0.2042,True,False,0.97,252,139,756,938
good_060.png,good,3.005,0.1948,True,False,0.89,260,167,760,895
good_061.png,good,2.966,0.2117,True,False,0.9,245,60,742,931
good_062.png,good,2.616,0.2125,True,False,0.91,274,57,778,902
good_063.png,good,2.879,0.1915,True,False,0.89,274,185,767,888
good_064.png,good,3.086,0.1939,True,False,0.9,263,160,760,884
good_065.png,good,2.868,0.1988,True,False,0.9,238,139,728,884
good_066.png,good,3.18,0.2006,True,False,0.9,263,107,749,888
good_067.png,good,3.253,0.2081,True,False,0.91,277,68,774,895
good_068.png,good,2.926,0.195,True,False,0.91,260,188,756,884
good_069.png,good,3.003,0.1921,True,False,0.91,277,203,771,902
good_070.png,good,2.619,0.2004,True,False,0.91,238,149,771,916
good_071.png,good,3.006,0.1901,True,False,0.88,260,196,753,895
good_072.png,good,2.941,0.1968,True,False,0.89,299,128,799,891
good_073.png,good,3.534,0.2132,True,False,0.88,249,82,739,899
good_074.png,good,2.836,0.2094,True,False,0.9,235,89,749,906
good_075.png,good,2.754,0.2065,True,False,0.91,238,135,756,902
good_076.png,good,2.861,0.2129,True,False,0.89,242,96,778,902
good_077.png,good,3.083,0.2014,True,False,0.88,270,68,771,867
good_078.png,good,3.272,0.2002,True,False,0.96,267,117,767,881
good_079.png,good,3.028,0.204,True,False,0.87,252,100,742,895
good_080.png,good,2.852,0.1964,True,False,0.94,249,96,746,877
good_081.png,good,2.729,0.2058,True,False,0.89,256,117,749,906
good_082.png,good,2.864,0.2012,True,False,0.9,252,139,753,895
good_083.png,good,2.824,0.2018,True,False,0.88,245,110,731,895
good_084.png,good,2.647,0.211,True,False,0.93,292,92,788,902
good_085.png,good,2.77,0.2046,True,False,0.89,295,110,792,891
good_086.png,good,2.789,0.202,True,False,0.89,256,121,778,888
good_087.png,good,2.872,0.1943,True,False,0.89,267,167,756,891
good_088.png,good,2.803,0.2089,True,False,0.89,256,103,753,895
good_089.png,good,2.822,0.1997,True,False,0.89,263,135,763,877
good_090.png,good,2.46,0.21,True,False,0.89,238,153,778,952
good_091.png,good,3.191,0.1997,True,False,0.9,260,121,749,888
good_092.png,good,2.638,0.1942,True,False,0.93,281,171,774,884
good_093.png,good,2.618,0.1965,True,False,0.91,260,160,760,895
good_094.png,good,3.048,0.1968,True,False,0.91,267,124,756,888
good_095.png,good,3.279,0.2049,True,False,0.89,252,92,746,895
good_096.png,good,2.848,0.1929,True,False,0.91,267,178,771,888
good_097.png,good,3.054,0.2034,True,False,0.89,256,167,749,888
good_098.png,good,2.802,0.2076,True,False,0.9,249,110,746,891
good_099.png,good,3.137,0.1912,True,False,0.87,284,192,788,888
good_100.png,good,3.323,0.2025,True,False,0.94,274,121,771,899
good_101.png,good,2.674,0.1975,True,False,0.91,267,185,760,916
good_102.png,good,2.866,0.2053,True,False,0.89,249,142,785,891
good_103.png,good,3.243,0.198,True,False,0.95,252,156,749,906
good_104.png,good,3.267,0.1976,True,False,0.9,256,114,760,888
good_105.png,good,2.692,0.193,True,False,0.95,277,203,778,888
good_106.png,good,3.086,0.2048,True,False,0.9,252,107,760,895
good_107.png,good,2.889,0.2081,True,False,0.93,270,110,774,906
good_108.png,good,3.064,0.1999,True,False,0.92,238,132,739,891
good_109.png,good,2.932,0.2066,True,False,0.93,256,117,760,916
good_110.png,good,3.346,0.2068,True,False,0.9,277,85,767,891
good_111.png,good,3.453,0.2044,True,False,0.89,274,89,763,895
good_112.png,good,2.761,0.204,True,False,0.95,235,132,746,920
good_113.png,good,3.125,0.2112,True,False,0.94,231,68,756,906
good_114.png,good,3.324,0.1931,True,False,0.96,277,188,771,902
good_115.png,good,2.808,0.2059,True,False,0.96,256,103,763,895
good_116.png,good,2.73,0.2064,True,False,1.02,274,107,792,906
good_117.png,good,3.193,0.199,True,False,1.04,245,117,735,891
good_118.png,good,2.851,0.1986,True,False,0.97,252,110,749,870
good_119.png,good,2.621,0.1965,True,False,0.96,267,171,767,888
good_120.png,good,2.651,0.2191,True,False,0.92,267,96,760,906
good_121.png,good,3.059,0.2045,True,False,0.93,274,107,767,891
good_122.png,good,2.988,0.1998,True,False,0.93,270,103,753,891
good_123.png,good,2.989,0.2053,True,False,0.93,252,142,753,938
good_124.png,good,2.588,0.2071,True,False,0.94,242,121,756,923
good_125.png,good,3.263,0.1939,True,False,0.89,274,156,778,891
good_126.png,good,2.894,0.2019,True,False,0.99,256,142,763,895
good_127.png,good,2.856,0.1947,True,False,0.97,256,167,774,891
good_128.png,good,3.113,0.1968,True,False,0.97,281,156,771,877
good_129.png,good,2.745,0.1925,True,False,0.93,263,174,763,874
good_130.png,good,3.34,0.1947,True,False,0.94,256,199,749,888
good_131.png,good,2.692,0.2093,True,False,0.94,270,114,774,888
good_132.png,good,2.633,0.208,True,False,0.95,238,132,774,895
good_133.png,good,3.046,0.1917,True,False,0.99,238,178,735,891
good_134.png,good,3.061,0.2033,True,False,0.94,281,107,771,899
good_135.png,good,2.672,0.213,True,False,0.95,245,128,774,909
good_136.png,good,2.853,0.1983,True,False,1.0,267,196,767,906
good_137.png,good,3.262,0.198,True,False,1.18,249,188,749,906
good_138.png,good,3.038,0.2012,True,False,1.11,277,124,763,884
good_139.png,good,2.801,0.2053,True,False,1.05,260,139,749,902
good_140.png,good,2.69,0.2028,True,False,1.11,245,156,756,938
good_141.png,good,2.689,0.2087,True,False,1.17,245,114,785,902
good_142.png,good,2.812,0.21,True,False,1.13,256,110,774,920
good_143.png,good,3.064,0.2163,True,False,1.12,238,114,785,920
good_144.png,good,2.941,0.2134,True,False,1.11,238,124,767,913
good_145.png,good,2.921,0.2058,True,False,1.17,270,139,763,941
good_146.png,good,2.737,0.2109,True,False,1.2,249,153,760,966
good_147.png,good,2.708,0.2074,True,False,1.5,245,135,774,888
good_148.png,good,3.269,0.2084,True,False,1.1,267,110,756,920
good_149.png,good,3.147,0.2044,True,False,1.16,277,114,774,945
good_150.png,good,2.528,0.2024,True,False,1.1,277,146,771,909
good_151.png,good,2.675,0.212,True,False,1.08,263,103,771,906
good_152.png,good,2.692,0.1967,True,False,0.99,270,235,760,959
good_153.png,good,2.894,0.212,True,False,1.07,249,156,788,931
good_154.png,good,2.563,0.2018,True,False,1.36,281,160,771,916
good_155.png,good,2.88,0.2102,True,False,1.09,249,110,753,913
good_156.png,good,2.956,0.2112,True,False,0.94,270,121,771,973
good_157.png,good,2.734,0.2055,True,False,0.96,235,139,753,923
good_158.png,good,2.61,0.2,True,False,0.99,238,167,756,913
good_159.png,good,2.694,0.205,True,False,1.12,245,110,746,916
good_160.png,good,3.055,0.214,True,False,1.12,231,117,767,959
good_161.png,good,2.827,0.2139,True,False,1.3,274,89,767,945
good_162.png,good,2.961,0.2083,True,False,1.78,260,132,767,959
good_163.png,good,2.956,0.2024,True,False,1.31,260,174,749,927
good_164.png,good,2.665,0.2067,True,False,1.07,252,114,788,923
good_165.png,good,3.109,0.2083,True,False,1.07,267,142,763,948
good_166.png,good,2.975,0.2022,True,False,1.05,267,142,756,920
good_167.png,good,3.065,0.204,True,False,1.03,263,132,756,909
good_168.png,good,2.785,0.2067,True,False,1.05,249,149,753,931
good_169.png,good,2.679,0.2,True,False,1.07,252,160,753,920
good_170.png,good,3.196,0.2107,True,False,1.05,242,128,742,945
good_171.png,good,2.833,0.1986,True,False,1.02,238,217,778,941
good_172.png,good,2.746,0.1995,True,False,1.06,242,206,756,952
good_173.png,good,2.464,0.1924,True,False,0.92,281,242,781,938
good_174.png,good,2.848,0.1961,True,False,0.99,277,249,781,927
good_175.png,good,2.597,0.1983,True,False,1.09,270,199,771,916
good_176.png,good,3.174,0.1902,True,False,1.01,274,242,760,945
good_177.png,good,2.702,0.1963,True,False,0.96,281,181,785,913
good_178.png,good,2.507,0.1985,True,False,0.98,281,203,788,938
good_179.png,good,2.778,0.2093,True,False,1.04,256,217,778,980
good_180.png,good,2.801,0.2046,True,False,1.03,245,149,771,895
good_181.png,good,2.909,0.1982,True,False,1.0,260,153,763,916
good_182.png,good,2.653,0.207,True,False,0.99,242,139,778,895
good_183.png,good,2.511,0.2028,True,False,0.96,228,178,771,948
good_184.png,good,2.882,0.1971,True,False,1.03,274,174,778,877
good_185.png,good,2.894,0.1968,True,False,0.96,263,160,774,867
good_186.png,good,3.207,0.1951,True,False,1.0,252,174,749,874
good_187.png,good,2.703,0.2058,True,False,0.99,277,149,788,916
good_188.png,good,2.529,0.2018,True,False,0.97,249,149,763,923
good_189.png,good,2.987,0.1916,True,False,0.92,267,188,771,888
good_190.png,good,2.696,0.1955,True,False,0.96,256,199,753,916
good_191.png,good,2.587,0.2033,True,False,0.99,263,124,792,913
good_192.png,good,2.667,0.2036,True,False,0.92,245,174,763,934
good_193.png,good,3.226,0.1993,True,False,0.96,263,153,756,923
good_194.png,good,2.879,0.2058,True,False,0.98,274,128,771,945
good_195.png,good,2.989,0.1947,True,False,1.0,263,156,760,906
good_196.png,good,2.74,0.1995,True,False,0.97,263,146,763,902
good_197.png,good,3.473,0.1928,True,False,1.02,270,174,763,895
good_198.png,good,3.31,0.2017,True,False,1.25,267,146,763,927
good_199.png,good,2.86,0.1967,True,False,1.25,260,171,760,927
good_200.png,good,2.677,0.2041,True,False,1.16,270,153,778,899
good_201.png,good,2.874,0.1971,True,False,0.97,274,178,774,913
good_202.png,good,3.006,0.2052,True,False,0.96,231,192,774,923
good_203.png,good,3.348,0.1907,True,False,1.62,267,188,753,899
good_204.png,good,2.854,0.1966,True,False,0.96,284,188,781,906
good_205.png,good,3.052,0.1868,True,False,0.95,270,242,767,913
good_206.png,good,2.937,0.1947,True,False,1.14,274,167,771,895
good_207.png,good,2.754,0.1961,True,False,0.91,284,167,785,895
good_208.png,good,3.243,0.1918,True,False,0.95,267,199,763,895
good_209.png,good,2.76,0.1922,True,False,0.98,284,167,781,888
good_210.png,good,2.743,0.1923,True,False,0.94,274,192,778,877
good_211.png,good,3.139,0.195,True,False,1.02,270,210,763,931
good_212.png,good,2.477,0.205,True,False,0.93,277,181,774,902
good_213.png,good,3.143,0.1921,True,False,0.93,260,199,756,916
good_214.png,good,2.853,0.2026,True,False,0.94,270,100,774,895
good_215.png,good,2.946,0.1915,True,False,0.93,256,188,749,899
good_216.png,good,2.901,0.2073,True,False,0.95,245,142,771,909
good_217.png,good,3.16,0.1977,True,False,0.93,256,142,753,931
good_218.png,good,3.07,0.1964,True,False,0.99,270,192,760,899
good_219.png,good,2.899,0.2026,True,False,0.99,263,139,753,923
good_220.png,good,3.177,0.2001,True,False,0.98,263,149,760,891
good_221.png,good,3.066,0.1923,True,False,0.92,263,174,756,867
good_222.png,good,3.177,0.1928,True,False,0.98,267,188,760,899
good_223.png,good,2.939,0.2005,True,False,0.94,263,149,767,906
good_224.png,good,2.874,0.1943,True,False,0.92,263,178,756,859
good_225.png,good,3.235,0.1954,True,False,0.94,263,174,753,891
good_226.png,good,3.121,0.1977,True,False,0.95,267,164,767,874
good_227.png,good,3.079,0.1952,True,False,0.98,281,178,771,895
good_228.png,good,2.736,0.2069,True,False,0.98,267,139,760,902
good_229.png,good,3.048,0.1961,True,False,0.96,270,178,767,888
good_230.png,good,3.353,0.194,True,False,0.99,263,149,756,888
good_231.png,good,2.801,0.1955,True,False,0.98,277,196,774,891
good_232.png,good,2.959,0.1968,True,False,0.97,252,167,763,902
good_233.png,good,3.154,0.1958,True,False,1.01,274,228,771,931
good_234.png,good,2.6,0.1989,True,False,1.01,277,167,771,902
good_235.png,good,2.975,0.1913,True,False,1.43,256,199,749,899
good_236.png,good,3.327,0.1909,True,False,1.31,249,206,735,895
good_237.png,good,3.291,0.1961,True,False,0.96,267,196,763,899
good_238.png,good,3.097,0.1933,True,False,0.97,267,167,756,877
good_239.png,good,3.067,0.2025,True,False,1.01,249,146,742,895
good_240.png,good,3.106,0.1965,True,False,1.01,260,132,749,891
good_241.png,good,3.082,0.1966,True,False,0.95,281,203,771,899
good_242.png,good,2.8,0.1911,True,False,1.02,270,242,763,906
good_243.png,good,3.176,0.1958,True,False,0.97,267,192,760,906
good_244.png,good,2.995,0.1951,True,False,1.0,274,178,767,891
good_245.png,good,2.782,0.1933,True,False,0.93,256,185,749,891
good_246.png,good,3.324,0.1948,True,False,0.96,242,188,735,902
good_247.png,good,3.03,0.1989,True,False,1.0,267,164,756,891
good_248.png,good,3.214,0.1942,True,False,1.0,252,178,742,888
good_249.png,good,3.097,0.1994,True,False,0.9,245,174,735,888
good_250.png,good,2.756,0.1964,True,False,0.94,281,192,774,891
good_251.png,good,2.605,0.1875,True,False,1.1,274,213,774,895
good_252.png,good,3.095,0.1948,True,False,1.01,267,160,756,881
good_253.png,good,2.623,0.1984,True,False,0.95,277,210,778,895
good_254.png,good,3.055,0.1906,True,False,0.95,263,206,749,891
good_255.png,good,3.306,0.1922,True,False,0.97,249,203,742,895
good_256.png,good,3.064,0.1948,True,False,0.94,263,174,753,888
good_257.png,good,2.651,0.1924,True,False,0.97,277,224,774,895
good_258.png,good,3.073,0.1924,True,False,0.94,252,206,746,902
good_259.png,good,3.236,0.2063,True,False,1.0,245,164,756,895
good_260.png,good,2.849,0.1953,True,False,0.93,281,174,771,888
good_261.png,good,3.045,0.1935,True,False,0.97,267,178,763,877
good_262.png,good,3.307,0.193,True,False,1.03,270,160,763,888
good_263.png,good,2.747,0.2067,True,False,1.0,256,146,753,916
good_264.png,good,3.2,0.1936,True,False,0.98,263,192,756,888
good_265.png,good,2.864,0.1965,True,False,1.03,260,181,753,888
good_266.png,good,2.978,0.1945,True,False,1.23,277,149,778,888
good_267.png,good,3.094,0.198,True,False,1.35,249,206,742,913
good_268.png,good,3.246,0.1989,True,False,1.01,274,142,767,891
good_269.png,good,3.164,0.1962,True,False,1.13,274,167,767,891
good_270.png,good,3.213,0.1986,True,False,0.97,260,181,749,909
good_271.png,good,3.219,0.2016,True,False,0.97,263,199,756,906
good_272.png,good,3.088,0.1939,True,False,1.01,252,206,742,895
bad_000.png,bad,3.587,0.1989,True,False,1.0,242,142,767,945
bad_001.png,bad,3.34,0.1961,True,False,0.98,256,128,749,891
bad_002.png,bad,2.964,0.1897,True,False,1.04,206,217,753,891
bad_003.png,bad,3.716,0.1996,True,False,0.93,260,160,753,888
bad_004.png,bad,3.725,0.1977,True,False,1.0,274,188,763,987
bad_005.png,bad,2.985,0.1964,True,False,0.96,103,174,771,909
bad_006.png,bad,3.104,0.1921,True,False,0.96,320,249,767,1019
bad_007.png,bad,3.175,0.197,True,False,1.03,260,203,746,938
bad_008.png,bad,2.64,0.2064,True,False,0.98,242,171,763,941
bad_009.png,bad,4.027,0.2025,True,False,0.95,235,217,774,1016
bad_010.png,bad,3.296,0.1847,True,False,1.02,281,277,746,934
bad_011.png,bad,3.435,0.1868,True,False,0.98,249,199,721,920
bad_012.png,bad,2.816,0.1914,True,False,1.01,284,181,749,867
bad_013.png,bad,3.104,0.1858,True,False,1.08,270,217,728,888
bad_014.png,bad,2.895,0.1866,True,False,1.05,256,142,703,891
bad_015.png,bad,3.299,0.1868,True,False,1.0,252,185,724,902
bad_016.png,bad,3.217,0.1805,True,False,1.0,299,228,753,888
bad_017.png,bad,3.147,0.183,True,False,0.95,309,206,778,877
bad_018.png,bad,3.344,0.1863,True,False,1.08,260,149,703,899
bad_019.png,bad,3.308,0.1925,True,False,0.99,242,132,771,874
bad_020.png,bad,2.929,0.1988,True,False,1.05,256,160,753,902
bad_021.png,bad,3.279,0.1741,True,False,1.12,270,249,756,909
bad_022.png,bad,3.053,0.1965,True,False,1.08,270,164,760,891
bad_023.png,bad,2.765,0.1963,True,False,0.99,267,203,753,877
bad_024.png,bad,2.923,0.189,True,False,0.98,252,242,753,906
bad_025.png,bad,2.982,0.1948,True,False,1.28,256,188,753,884
bad_026.png,bad,2.785,0.1936,True,False,1.02,270,181,760,888
bad_027.png,bad,3.323,0.1949,True,False,1.02,245,181,746,877
bad_028.png,bad,2.756,0.1885,True,False,1.06,252,217,735,891
bad_029.png,bad,2.88,0.1686,True,False,1.02,288,199,756,877
bad_030.png,bad,3.948,0.1988,True,False,0.99,192,181,685,895
bad_031.png,bad,3.976,0.2017,True,False,1.03,281,117,931,970
bad_032.png,bad,1.421,0.9914,True,True,0.97,0,0,1023,1023
bad_033.png,bad,1.491,0.9918,True,True,1.1,0,0,1023,1019
bad_034.png,bad,3.021,0.1932,True,False,1.15,270,146,767,863
bad_035.png,bad,3.126,0.1936,True,False,0.96,274,391,991,884
bad_036.png,bad,4.153,0.2002,True,False,1.0,352,43,852,817
bad_037.png,bad,2.914,0.2108,True,True,1.01,0,149,849,1019
bad_038.png,bad,4.121,0.2254,True,True,1.11,96,135,1023,870
bad_039.png,bad,3.73,0.2001,True,False,1.01,160,60,760,877
