variant,method,prec_bad,rec_bad,f1_bad,prec_good,f1_macro,acc,tn,fp,fn,tp
crop,dino,0.725,0.925,0.813,0.989,0.891,0.946,259,14,3,37
crop,effad,0.708,0.85,0.773,0.977,0.868,0.936,259,14,6,34
crop,fusion,0.72,0.9,0.8,0.985,0.883,0.942,259,14,4,36
crop,local,0.741,1.0,0.851,1.0,0.912,0.955,259,14,0,40
crop,rescue,0.685,0.925,0.787,0.988,0.875,0.936,256,17,3,37
masked,dino,0.741,1.0,0.851,1.0,0.912,0.955,259,14,0,40
masked,effad,0.641,0.625,0.633,0.945,0.79,0.907,259,14,15,25
masked,fusion,0.736,0.975,0.839,0.996,0.905,0.952,259,14,1,39
masked,local,0.72,0.9,0.8,0.985,0.883,0.942,259,14,4,36
masked,rescue,0.702,1.0,0.825,1.0,0.896,0.946,256,17,0,40
none,dino,0.725,0.925,0.813,0.989,0.891,0.946,259,14,3,37
none,effad,0.72,0.9,0.8,0.985,0.883,0.942,259,14,4,36
none,fusion,0.741,1.0,0.851,1.0,0.912,0.955,259,14,0,40
none,local,0.702,0.825,0.759,0.974,0.86,0.933,259,14,7,33
none,rescue,0.702,1.0,0.825,1.0,0.896,0.946,256,17,0,40
